INSERT INTO VISITORS.Visitors (FirstName, LastName) VALUES ('Georgi', 'Petrov');
INSERT INTO VISITORS.Visitors (FirstName, LastName) VALUES ('Mihail', 'Lambov');
INSERT INTO VISITORS.Visitors (FirstName, LastName) VALUES ('Plamen', 'Stoyanov');
INSERT INTO VISITORS.Visitors (FirstName, LastName) VALUES ('Bozhidar', 'Dimitrov');
INSERT INTO VISITORS.Visitors (FirstName, LastName) VALUES ('Mihail', 'Petrov');
INSERT INTO VISITORS.Visitors (FirstName, LastName) VALUES ('Georgi', 'Lambov');
INSERT INTO VISITORS.Visitors (FirstName, LastName) VALUES ('Plamen', 'Lambov');
INSERT INTO VISITORS.Visitors (FirstName, LastName) VALUES ('Georgi', 'Petrov');
INSERT INTO VISITORS.Visitors (FirstName, LastName) VALUES ('Bozhidar', 'Nikolov');
INSERT INTO VISITORS.Visitors (FirstName, LastName) VALUES ('Petar', 'Dimitrov');
INSERT INTO VISITORS.Visitors (FirstName, LastName) VALUES ('Plamen', 'Stoyanov');
INSERT INTO VISITORS.Visitors (FirstName, LastName) VALUES ('Georgi', 'Dimitrov');
INSERT INTO VISITORS.Visitors (FirstName, LastName) VALUES ('Plamen', 'Lambov');
INSERT INTO VISITORS.Visitors (FirstName, LastName) VALUES ('Petar', 'Nikolov');
INSERT INTO VISITORS.Visitors (FirstName, LastName) VALUES ('Plamen', 'Petrov');
INSERT INTO VISITORS.Visitors (FirstName, LastName) VALUES ('Bozhidar', 'Dimitrov');
INSERT INTO VISITORS.Visitors (FirstName, LastName) VALUES ('Petar', 'Lambov');
INSERT INTO VISITORS.Visitors (FirstName, LastName) VALUES ('Plamen', 'Petrov');
INSERT INTO VISITORS.Visitors (FirstName, LastName) VALUES ('Mihail', 'Petrov');
INSERT INTO VISITORS.Visitors (FirstName, LastName) VALUES ('Georgi', 'Dimitrov');
INSERT INTO VISITORS.Tickets (VisitorId, TicketType, Price) VALUES (1, 'Standard', 23.97);
INSERT INTO VISITORS.Tickets (VisitorId, TicketType, Price) VALUES (2, 'Standard', 44.91);
INSERT INTO VISITORS.Tickets (VisitorId, TicketType, Price) VALUES (3, 'VIP', 29.83);
INSERT INTO VISITORS.Tickets (VisitorId, TicketType, Price) VALUES (4, 'Standard', 16.85);
INSERT INTO VISITORS.Tickets (VisitorId, TicketType, Price) VALUES (5, 'VIP', 12.54);
INSERT INTO VISITORS.Tickets (VisitorId, TicketType, Price) VALUES (6, 'VIP', 14.94);
INSERT INTO VISITORS.Tickets (VisitorId, TicketType, Price) VALUES (7, 'Standard', 47.62);
INSERT INTO VISITORS.Tickets (VisitorId, TicketType, Price) VALUES (8, 'Standard', 30.56);
INSERT INTO VISITORS.Tickets (VisitorId, TicketType, Price) VALUES (9, 'Standard', 25.47);
INSERT INTO VISITORS.Tickets (VisitorId, TicketType, Price) VALUES (10, 'Standard', 20.94);
INSERT INTO VISITORS.Tickets (VisitorId, TicketType, Price) VALUES (11, 'Standard', 17.88);
INSERT INTO VISITORS.Tickets (VisitorId, TicketType, Price) VALUES (12, 'VIP', 49.15);
INSERT INTO VISITORS.Tickets (VisitorId, TicketType, Price) VALUES (13, 'Standard', 31.79);
INSERT INTO VISITORS.Tickets (VisitorId, TicketType, Price) VALUES (14, 'Standard', 15.56);
INSERT INTO VISITORS.Tickets (VisitorId, TicketType, Price) VALUES (15, 'Standard', 21.94);
INSERT INTO VISITORS.Tickets (VisitorId, TicketType, Price) VALUES (16, 'VIP', 38.85);
INSERT INTO VISITORS.Tickets (VisitorId, TicketType, Price) VALUES (17, 'Standard', 23.32);
INSERT INTO VISITORS.Tickets (VisitorId, TicketType, Price) VALUES (18, 'Standard', 33.55);
INSERT INTO VISITORS.Tickets (VisitorId, TicketType, Price) VALUES (19, 'Standard', 21.86);
INSERT INTO VISITORS.Tickets (VisitorId, TicketType, Price) VALUES (20, 'Standard', 17.91);
INSERT INTO VISITORS.Entries (EntryTime, LeaveTime, VisitorId, TicketID) VALUES ('2025-03-06 14:45:17', '2025-03-06 18:45:17', 1, 1);
INSERT INTO VISITORS.Entries (EntryTime, LeaveTime, VisitorId, TicketID) VALUES ('2025-03-06 12:45:17', '2025-03-06 16:45:17', 2, 2);
INSERT INTO VISITORS.Entries (EntryTime, LeaveTime, VisitorId, TicketID) VALUES ('2025-03-06 13:45:17', '2025-03-06 15:45:17', 3, 3);
INSERT INTO VISITORS.Entries (EntryTime, LeaveTime, VisitorId, TicketID) VALUES ('2025-03-06 16:45:17', '2025-03-06 18:45:17', 4, 4);
INSERT INTO VISITORS.Entries (EntryTime, LeaveTime, VisitorId, TicketID) VALUES ('2025-03-06 14:45:17', '2025-03-06 16:45:17', 5, 5);
INSERT INTO VISITORS.Entries (EntryTime, LeaveTime, VisitorId, TicketID) VALUES ('2025-03-06 11:45:17', '2025-03-06 16:45:17', 6, 6);
INSERT INTO VISITORS.Entries (EntryTime, LeaveTime, VisitorId, TicketID) VALUES ('2025-03-06 16:45:17', '2025-03-06 22:45:17', 7, 7);
INSERT INTO VISITORS.Entries (EntryTime, LeaveTime, VisitorId, TicketID) VALUES ('2025-03-06 10:45:17', '2025-03-06 14:45:17', 8, 8);
INSERT INTO VISITORS.Entries (EntryTime, LeaveTime, VisitorId, TicketID) VALUES ('2025-03-06 10:45:17', '2025-03-06 12:45:17', 9, 9);
INSERT INTO VISITORS.Entries (EntryTime, LeaveTime, VisitorId, TicketID) VALUES ('2025-03-06 14:45:17', '2025-03-06 16:45:17', 10, 10);
INSERT INTO VISITORS.Entries (EntryTime, LeaveTime, VisitorId, TicketID) VALUES ('2025-03-06 11:45:17', '2025-03-06 17:45:17', 11, 11);
INSERT INTO VISITORS.Entries (EntryTime, LeaveTime, VisitorId, TicketID) VALUES ('2025-03-06 14:45:17', '2025-03-06 18:45:17', 12, 12);
INSERT INTO VISITORS.Entries (EntryTime, LeaveTime, VisitorId, TicketID) VALUES ('2025-03-06 15:45:17', '2025-03-06 19:45:17', 13, 13);
INSERT INTO VISITORS.Entries (EntryTime, LeaveTime, VisitorId, TicketID) VALUES ('2025-03-06 11:45:17', '2025-03-06 17:45:17', 14, 14);
INSERT INTO VISITORS.Entries (EntryTime, LeaveTime, VisitorId, TicketID) VALUES ('2025-03-06 11:45:17', '2025-03-06 16:45:17', 15, 15);
INSERT INTO VISITORS.Entries (EntryTime, LeaveTime, VisitorId, TicketID) VALUES ('2025-03-06 12:45:17', '2025-03-06 14:45:17', 16, 16);
INSERT INTO VISITORS.Entries (EntryTime, LeaveTime, VisitorId, TicketID) VALUES ('2025-03-06 15:45:17', '2025-03-06 18:45:17', 17, 17);
INSERT INTO VISITORS.Entries (EntryTime, LeaveTime, VisitorId, TicketID) VALUES ('2025-03-06 10:45:17', '2025-03-06 13:45:17', 18, 18);
INSERT INTO VISITORS.Entries (EntryTime, LeaveTime, VisitorId, TicketID) VALUES ('2025-03-06 14:45:17', '2025-03-06 17:45:17', 19, 19);
INSERT INTO VISITORS.Entries (EntryTime, LeaveTime, VisitorId, TicketID) VALUES ('2025-03-06 10:45:17', '2025-03-06 13:45:17', 20, 20);
INSERT INTO ATTRACTIONS.Attractions (AttractionName, Category) VALUES ('National Museum of History', 'Museum');
INSERT INTO ATTRACTIONS.Attractions (AttractionName, Category) VALUES ('Sofia Zoo', 'Zoo');
INSERT INTO ATTRACTIONS.Attractions (AttractionName, Category) VALUES ('Varna Aquarium', 'Aquarium');
INSERT INTO ATTRACTIONS.Attractions (AttractionName, Category) VALUES ('Sunny Beach', 'Amusement Park');
INSERT INTO ATTRACTIONS.Attractions (AttractionName, Category) VALUES ('Arena Cinema', 'Cinema');
INSERT INTO ATTRACTIONS.MaintenanceRecords (StartDate, EndDate, Description, AttractionID) VALUES ('2025-03-02', '2025-03-04', 'Cleaning', 1);
INSERT INTO ATTRACTIONS.MaintenanceRecords (StartDate, EndDate, Description, AttractionID) VALUES ('2025-02-21', '2025-02-23', 'Upgrade', 2);
INSERT INTO ATTRACTIONS.MaintenanceRecords (StartDate, EndDate, Description, AttractionID) VALUES ('2025-02-04', '2025-02-07', 'Upgrade', 3);
INSERT INTO ATTRACTIONS.MaintenanceRecords (StartDate, EndDate, Description, AttractionID) VALUES ('2025-03-01', '2025-03-03', 'Cleaning', 4);
INSERT INTO ATTRACTIONS.MaintenanceRecords (StartDate, EndDate, Description, AttractionID) VALUES ('2025-02-26', '2025-02-28', 'Repair', 5);
INSERT INTO STORES.Stores (StoreName, Category) VALUES ('Toys', 'Shop');
INSERT INTO STORES.Stores (StoreName, Category) VALUES ('Toys', 'Shop');
INSERT INTO STORES.Stores (StoreName, Category) VALUES ('Books', 'Bar');
INSERT INTO STORES.Stores (StoreName, Category) VALUES ('Toys', 'Kiosk');
INSERT INTO STORES.Stores (StoreName, Category) VALUES ('Toys', 'Shop');
INSERT INTO STORES.Products (ProductName, Category, Price) VALUES ('T-shirt', 'Clothing', 40.66);
INSERT INTO STORES.Products (ProductName, Category, Price) VALUES ('Magnet', 'Accessories', 26.4);
INSERT INTO STORES.Products (ProductName, Category, Price) VALUES ('Cup', 'Kitchenware', 31.38);
INSERT INTO STORES.Products (ProductName, Category, Price) VALUES ('Keychain', 'Souvenirs', 36.59);
INSERT INTO STORES.Products (ProductName, Category, Price) VALUES ('Book', 'Books', 30.87);
INSERT INTO FINANCE.Expenses (ExpenseType, Amount, ExpenseDate) VALUES ('Rent', 1736.36, '2025-02-28');
INSERT INTO FINANCE.Expenses (ExpenseType, Amount, ExpenseDate) VALUES ('Utilities', 1922.5, '2025-02-16');
INSERT INTO FINANCE.Expenses (ExpenseType, Amount, ExpenseDate) VALUES ('Salaries', 1606.15, '2025-02-18');
INSERT INTO FINANCE.Expenses (ExpenseType, Amount, ExpenseDate) VALUES ('Supplies', 1170.01, '2025-02-20');
INSERT INTO FINANCE.Expenses (ExpenseType, Amount, ExpenseDate) VALUES ('Rent', 1958.48, '2025-03-03');
INSERT INTO FINANCE.Income (IncomeType, Amount, IncomeDate) VALUES ('Sponsorships', 4259.39, '2025-02-21');
INSERT INTO FINANCE.Income (IncomeType, Amount, IncomeDate) VALUES ('Donations', 2415.56, '2025-02-14');
INSERT INTO FINANCE.Income (IncomeType, Amount, IncomeDate) VALUES ('Grants', 2492.88, '2025-02-04');
INSERT INTO FINANCE.Income (IncomeType, Amount, IncomeDate) VALUES ('Grants', 3758.89, '2025-02-17');
INSERT INTO FINANCE.Income (IncomeType, Amount, IncomeDate) VALUES ('Donations', 4197.14, '2025-02-19');
INSERT INTO EMPLOYEES.Departments (Name) VALUES ('Marketing');
INSERT INTO EMPLOYEES.Departments (Name) VALUES ('Finance');
INSERT INTO EMPLOYEES.Departments (Name) VALUES ('Maintenance');
INSERT INTO EMPLOYEES.Departments (Name) VALUES ('Security');
INSERT INTO EMPLOYEES.Departments (Name) VALUES ('HR');
INSERT INTO EMPLOYEES.Positions (Name) VALUES ('Manager');
INSERT INTO EMPLOYEES.Positions (Name) VALUES ('Supervisor');
INSERT INTO EMPLOYEES.Positions (Name) VALUES ('Employee');
INSERT INTO EMPLOYEES.Positions (Name) VALUES ('Security Guard');
INSERT INTO EMPLOYEES.Positions (Name) VALUES ('Janitor');
INSERT INTO EMPLOYEES.Employees (FirstName, LastName, DepartmentID, PositionID, ManagerID) VALUES ('Petar', 'Nikolov', 5, 5, NULL);
INSERT INTO EMPLOYEES.Employees (FirstName, LastName, DepartmentID, PositionID, ManagerID) VALUES ('Petar', 'Nikolov', 4, 5, 1);
INSERT INTO EMPLOYEES.Employees (FirstName, LastName, DepartmentID, PositionID, ManagerID) VALUES ('Mihail', 'Lambov', 2, 3, NULL);
INSERT INTO EMPLOYEES.Employees (FirstName, LastName, DepartmentID, PositionID, ManagerID) VALUES ('Bozhidar', 'Stoyanov', 5, 4, 3);
INSERT INTO EMPLOYEES.Employees (FirstName, LastName, DepartmentID, PositionID, ManagerID) VALUES ('Bozhidar', 'Petrov', 4, 4, NULL);
INSERT INTO EMPLOYEES.Shifts (EmployeeID, ShiftDate, HoursWorked) VALUES (1, '2025-02-19', 8);
INSERT INTO EMPLOYEES.Shifts (EmployeeID, ShiftDate, HoursWorked) VALUES (2, '2025-02-10', 8);
INSERT INTO EMPLOYEES.Shifts (EmployeeID, ShiftDate, HoursWorked) VALUES (3, '2025-02-19', 12);
INSERT INTO EMPLOYEES.Shifts (EmployeeID, ShiftDate, HoursWorked) VALUES (4, '2025-02-28', 8);
INSERT INTO EMPLOYEES.Shifts (EmployeeID, ShiftDate, HoursWorked) VALUES (5, '2025-03-05', 12);
INSERT INTO EMPLOYEES.Payroll (EmployeeID, Amount, Bonus, PaymentDate) VALUES (1, 1000, 100, '2025-03-01');
INSERT INTO EMPLOYEES.Payroll (EmployeeID, Amount, Bonus, PaymentDate) VALUES (2, 2000, 200, '2025-02-22');
INSERT INTO EMPLOYEES.Payroll (EmployeeID, Amount, Bonus, PaymentDate) VALUES (3, 3000, 300, '2025-02-07');
INSERT INTO EMPLOYEES.Payroll (EmployeeID, Amount, Bonus, PaymentDate) VALUES (4, 4000, 400, '2025-02-28');
INSERT INTO EMPLOYEES.Payroll (EmployeeID, Amount, Bonus, PaymentDate) VALUES (5, 5000, 500, '2025-03-02');
INSERT INTO EVENTS.Events (Name, Category, StartDate, EndDate) VALUES ('Concert', 'Music', '2025-02-28', '2025-03-02');
INSERT INTO EVENTS.Events (Name, Category, StartDate, EndDate) VALUES ('Festival', 'Art', '2025-02-06', '2025-02-08');
INSERT INTO EVENTS.Events (Name, Category, StartDate, EndDate) VALUES ('Exhibition', 'Science', '2025-02-26', '2025-03-01');
INSERT INTO EVENTS.Events (Name, Category, StartDate, EndDate) VALUES ('Workshop', 'Education', '2025-02-27', '2025-03-03');
INSERT INTO EVENTS.Events (Name, Category, StartDate, EndDate) VALUES ('Conference', 'Business', '2025-02-18', '2025-02-20');
